source,type,url,notes
Microsoft Support - Copilot Chat com e sem licença,Licenciamento,https://support.microsoft.com/en-us/topic/what-can-i-do-with-microsoft-365-copilot-chat-61033adf-484d-45f5-a8c3-b89876963bd8,"Base para separar cenários sem add-on, com add-on e acesso a agentes avançados."
Microsoft 365 Blog - Copilot Cowork,Cowork,https://www.microsoft.com/en-us/microsoft-365/blog/2026/03/09/copilot-cowork-a-new-way-of-getting-work-done/,"Exemplos oficiais de Cowork: agenda, pacote de reunião, pesquisa de empresa e plano de lancamento."
Microsoft Learn - Administrar Copilot Cowork,Cowork/Governanca,https://learn.microsoft.com/en-us/microsoft-365/copilot/cowork/cowork-admin-governance,"Disponibilidade Frontier, Agent Store, deploy, pin, plugins, Agent 365 e segurança."
Microsoft Learn - What's new in Cowork,Cowork/Frontier,https://learn.microsoft.com/en-us/microsoft-365/copilot/cowork/whats-new,"Atualizações recentes do Cowork no programa Frontier, útil para separar demo, preview e disponibilidade."
Microsoft Learn - Copilot Cowork overview,Cowork,https://learn.microsoft.com/en-us/copilot/microsoft-365/cowork/,"Visão operacional do Cowork: envia emails, agenda reuniões, cria documentos, posta no Teams e busca dados organizacionais com checkpoints."
Microsoft Mechanics - Claude + GPT multi-model Copilot,Video/TechCommunity,https://techcommunity.microsoft.com/blog/microsoftmechanicsblog/claude--gpt--multi-model-intelligence-in%C2%A0copilot/4509773,"Video com Cowork gerando briefing, apresentacao e Excel a partir de Work IQ, com uso de modelos Claude e GPT."
Teams Insider - Copilot Cowork explained,Podcast/Video,https://www.teamsinsider.show/2111467/episodes/19088676-microsoft-365-copilot-cowork-explained-with-bas-brekelmans-software-engineer-at-microsoft,Discussao técnica sobre arquitetura e casos de uso de Microsoft 365 Copilot Cowork.
HubSite365 - Copilot Cowork 5 use cases,Video recap,https://www.hubsite365.com/en-ww/crm-pages/copilot-cowork-in-microsoft-365-five-powerful-use-cases-to-automate-your-work.htm,Resumo de video com fluxos práticos de automação no Cowork em Microsoft 365.
Microsoft Learn - Agent Builder,Agent Builder,https://learn.microsoft.com/en-us/microsoft-365/copilot/extensibility/copilot-studio-agent-builder-build,"Como criar agentes declarativos por linguagem natural, conhecimento, capacidades e templates."
Microsoft Support - OneDrive Agents,OneDrive agents,https://support.microsoft.com/en-us/office/microsoft-copilot-agents-in-onedrive-8947db26-ab45-4334-ac02-7e445e7fadce,"Agentes simples em OneDrive para perguntas, resumos, status de projetos e insights em múltiplos arquivos."
Microsoft Support - Get started with OneDrive agents,OneDrive agents,https://support.microsoft.com/en-gb/office/get-started-with-onedrive-agents-ee2a6b38-da3f-413f-a865-cace3325d1e0,"Cria agentes a partir de arquivos/pastas, salvos como .agent, com perguntas, resumos e detalhes importantes."
Microsoft Support - Compare files in OneDrive,Comparação de arquivos,https://support.microsoft.com/en-us/office/compare-your-files-with-copilot-in-onedrive-794ab09c-c64a-45f3-bcbe-110a182a1806,"Comparação de até 5 arquivos para contratos, curriculos, versoes de documentos, documentos legais e relatórios financeiros."
Microsoft Support - File formats supported by Copilot,Formatos de arquivo,https://support.microsoft.com/en-us/microsoft-365-copilot/file-formats-supported-by-microsoft-365-copilot,"Formatos suportados para documentos, apresentacoes, planilhas, PDFs, CSV/TSV, imagens e logs."
Microsoft Adoption - Prompt Gallery,Prompt gallery,https://adoption.microsoft.com/en-us/copilot/prompt-gallery/,"Prompts oficiais para resumir arquivos, comparar arquivos, analisar dados, preparar reuniões, criar memos, propostas e relatórios."
Microsoft Support - SharePoint Agents,SharePoint agents,https://support.microsoft.com/en-us/office/create-an-agent-in-sharepoint-d16c6ca1-a8e3-4096-af49-67e1cfdddd42,"Criação de agentes a partir de site, biblioteca, lista ou arquivos selecionados; respostas respeitam permissões e fontes incluidas."
Reddit - M365 prompts com integração real,Forum,https://www.reddit.com/r/microsoft_365_copilot/comments/1r4dgai/prompts_that_actually_use_copilots_m365/,"Prompts práticos usando emails, calendário, Teams, arquivos compartilhados e itens abertos em vez de prompts genéricos."
Microsoft Adoption - Agent templates and examples,Templates oficiais,https://adoption.microsoft.com/en-us/ai-agents/templates-and-examples/,"Galeria de templates oficiais e exemplos: Customer Insights, RFP, Job Description, Product Assistant e outros."
Microsoft Learn - Copilot Studio reference architectures,Arquiteturas,https://learn.microsoft.com/en-us/power-platform/architecture/products/copilot-studio,"Ideias de solução: patient support, property rental portal, contact center, travel concierge, ticket management, bug triage, cardiac triage, anomaly detection."
Microsoft Copilot Blog - Agents plus workflows,Copilot Studio/Workflows,https://www.microsoft.com/en-us/microsoft-copilot/blog/copilot-studio/automate-business-processes-with-agents-plus-workflows-in-microsoft-copilot-studio/,"Padrão 2026 de agentes que decidem e chamam workflows: onboarding RH, refund, procurement e execução com regras determinísticas."
Microsoft Learn - Copilot Tuning Optimization Agent Template,Frontier/Optimization,https://learn.microsoft.com/en-us/microsoft-365/copilot/copilot-tuning-optimization-template,"Template early access para problemas de otimização especificos da organizacao, como minimizar custos de viagem em atribuicoes de vendas."
Microsoft Adoption - Scenario Library Finance,Cenários funcionais,https://adoption.microsoft.com/en-us/scenario-library/finance/,"Financeiro: anomaly spend, invoice exception, collections, balance reconciliation, business case."
Microsoft Customer Story - Verdantas,Customer story,https://www.microsoft.com/en/customers/story/26233-verdantas-microsoft-copilot-studio,"Agentes para proposal development, contract risk e busca técnica com SQL, SharePoint, Workday, Deltek e ServiceNow."
Microsoft Customer Story - CSX,Customer story,https://www.microsoft.com/en/customers/story/24556-csx-microsoft-copilot-studio,"Assistente ShipCSX com tracking de carga, validação de usuário, abertura de casos e multi-agent supervision."
Microsoft Customer Story - Manchester City Council,Customer story,https://www.microsoft.com/en/customers/story/26194-manchester-city-council-microsoft-365-copilot,Contact center com SharePoint/Copilot Studio e classificacao de buracos por IA.
Microsoft Customer Story - HEINEKEN,Customer story,https://www.microsoft.com/en/customers/story/25909-heineken-microsoft-copilot-studio/,"PowerBot, validação de trade terms em supply chain e agentes externos com handoff."
Microsoft Customer Story - Premera Blue Cross,Customer story,https://www.microsoft.com/en/customers/story/26405-premera-blue-cross-microsoft-365,"Governanca, 900 agentes, contrato de 30-45 min para cerca de 3 min, agentes de clareza e comunicação."
Microsoft Customer Story - Ask Microsoft,Customer story,https://www.microsoft.com/en/customers/story/26166-microsoft-microsoft-copilot-studio/,"Web agent com subagentes por produto/preço/trial, queda de latencia e reducao de escalação humana."
Microsoft Customer Story - mobilezone,Customer story,https://www.microsoft.com/en/customers/story/26389-mobilezone-dynamics-365-customer-service,Agente externo de atendimento e agente interno de service desk com suporte multilíngue e Dynamics 365.
Microsoft Customer Story - Unifi,Customer story,https://www.microsoft.com/en/customers/story/26265-unifi-microsoft-copilot-studio,"Sistema multi-stage para processar e analisar contratos complexos, busca legal em M365 Copilot."
Microsoft Customer Story - Coca-Cola Andina,Customer story,https://www.microsoft.com/en/customers/story/26256-coca-cola-andina-microsoft-copilot-studio,Agente de RH personalizado por funcionário e beneficios.
Microsoft Customer Story - Graebel,Customer story,https://www.microsoft.com/en/customers/story/26190-graebel-dynamics-365-finance,"Finance, invoice processing, knowledge retrieval e tarefas em sistemas legados."
Microsoft Retail - Agentic AI capabilities,Retail templates,https://news.microsoft.com/source/2026/01/08/microsoft-propels-retail-forward-with-agentic-ai-capabilities-that-power-intelligent-automation-for-every-retail-function/,"Store Operations, Personalized Shopping, Catalog Enrichment e Brand Agents."
Microsoft Learn - Payables Agent Business Central,Dynamics 365/ERP,https://learn.microsoft.com/en-us/dynamics365/business-central/payables-agent,"Agente de contas a pagar que monitora mailbox, analisa faturas de fornecedores e prepara drafts para revisão de supervisores."
Microsoft Learn - Business Central 2026 wave 1,Dynamics 365/ERP,https://learn.microsoft.com/en-us/dynamics365/release-plan/2026wave1/smb/dynamics365-business-central/,"Wave 1 2026 avanca agentes autonomos no ERP, incluindo Payables Agent e automações de processos de compra/venda com supervisao humana."
Microsoft Learn - Dynamics 365 Sales AI agents,Dynamics 365 Sales,https://learn.microsoft.com/en-us/dynamics365/sales/ai-agent-overview,"Visão dos agentes de vendas, incluindo Sales Research Agent conectado a dados de CRM para perguntas complexas e insights acionáveis."
Reddit - agentes acionáveis em Copilot Studio,Forum,https://www.reddit.com/r/copilotstudio/comments/1skornl/any_makes_build_real_actionable_process_solutions/,"Exemplos práticos: invoice OCR, logistics assistant com API, monitor de pasta, large dataset handler."
Reddit - 5 agentes Copilot Studio com demos,Forum/Video,https://www.reddit.com/r/copilotstudio/comments/1tjimol/built_5_copilot_studio_agents_that_solve_real/,"Post recente com cinco agentes de problemas reais e demos ao vivo com entrada, processo e saída."
Reddit - Invoice flow end-to-end,Forum,https://www.reddit.com/r/copilotstudio/comments/1t4dge5/built_a_copilot_studio_flow_that_processes/,"Fluxo completo de faturas por email: OCR, extracao IA, saída estruturada, roteamento de erro e aprovações."
Reddit - 5 agentes e regras de design,Forum,https://www.reddit.com/r/microsoft_365_copilot/comments/1teyxfu/ive_been_building_copilot_studio_agents_for/,"Discussao sobre agentes menos obvios, incluindo validação documental comercial/jurídica e desenho operacional."
Reddit - 71 agentes Copilot Studio,Forum,https://www.reddit.com/r/microsoft_365_copilot/comments/1s2mnut/i_built_71_copilot_studio_agents_ready_to_paste/,Lista comunitaria grande de agentes prontos para adaptar e priorizar em treinamentos.
Reddit - Cowork Project Second Brain,Forum/Cowork,https://www.reddit.com/r/microsoft_365_copilot/comments/1tkio2o/i_track_every_active_project_with_copilot_cowork/,"Relato recente de uso de Cowork para acompanhar projetos ativos com emails, Teams, reuniões e arquivos reais."
Reddit - Dynamics 365 practical Copilot examples,Forum/Dynamics,https://www.reddit.com/r/Dynamics365/comments/1rg0e8w/for_those_using_microsoft_dynamics_365_business/,"Discussao prática sobre Sales Order Agent, Expense Report Agent, Reconciliation Agent e sidecar de documentacao interna em D365/Business Central."
UsageBox - Autonomous Invoice Intake Agent,Implementacao,https://usagebox.com/articles/autonomous-invoice-intake-agent/,"Exemplo detalhado de agente autonomo de intake de faturas com Copilot Studio, AI Builder e Computer Use."
Copilot Developer Camp - Autonomous Agents lab,Lab,https://microsoft.github.io/copilot-camp/pages/make/copilot-studio/07-autonomous/,"Laboratorio de agente autonomo que monitora biblioteca SharePoint, extrai dados de PDFs e cria registros por MCP."
GitHub - Awesome Copilot Studio Agents,Comunidade,https://github.com/kesslernity/awesome-copilot-studio-agents,Biblioteca comunitaria de agentes prontos para adaptar por área.